disaster_number,GEOID,county,state
1024,40115,Ottawa ,OK
104,40000,Statewide,OK
1048,40109,Oklahoma ,OK
1058,40003,Alfalfa ,OK
1058,40005,Atoka ,OK
1058,40009,Beckham ,OK
1058,40015,Caddo ,OK
1058,40017,Canadian ,OK
1058,40019,Carter ,OK
1058,40033,Cotton ,OK
1058,40037,Creek ,OK
1058,40039,Custer ,OK
1058,40045,Ellis ,OK
1058,40051,Grady ,OK
1058,40053,Grant ,OK
1058,40057,Harmon ,OK
1058,40065,Jackson ,OK
1058,40073,Kingfisher ,OK
1058,40075,Kiowa ,OK
1058,40081,Lincoln ,OK
1058,40083,Logan ,OK
1058,40093,Major ,OK
1058,40099,Murray ,OK
1058,40105,Nowata ,OK
1058,40113,Osage ,OK
1058,40115,Ottawa ,OK
1058,40125,Pottawatomie ,OK
1058,40129,Roger Mills ,OK
1058,40133,Seminole ,OK
1058,40141,Tillman ,OK
1058,40149,Washita ,OK
1058,40153,Woodward ,OK
1066,40003,Alfalfa ,OK
1066,40011,Blaine ,OK
1066,40015,Caddo ,OK
1066,40017,Canadian ,OK
1066,40033,Cotton ,OK
1066,40039,Custer ,OK
1066,40053,Grant ,OK
1066,40055,Greer ,OK
1066,40057,Harmon ,OK
1066,40065,Jackson ,OK
1066,40071,Kay ,OK
1066,40075,Kiowa ,OK
1066,40093,Major ,OK
1066,40109,Oklahoma ,OK
1066,40141,Tillman ,OK
1066,40149,Washita ,OK
1066,40151,Woods ,OK
1272,40015,Caddo ,OK
1272,40017,Canadian ,OK
1272,40027,Cleveland ,OK
1272,40035,Craig ,OK
1272,40037,Creek ,OK
1272,40051,Grady ,OK
1272,40073,Kingfisher ,OK
1272,40077,Latimer ,OK
1272,40079,Le Flore ,OK
1272,40081,Lincoln ,OK
1272,40083,Logan ,OK
1272,40087,McClain ,OK
1272,40103,Noble ,OK
1272,40109,Oklahoma ,OK
1272,40111,Okmulgee ,OK
1272,40115,Ottawa ,OK
1272,40119,Payne ,OK
1272,40125,Pottawatomie ,OK
1272,40143,Tulsa ,OK
1349,40015,Caddo ,OK
1349,40019,Carter ,OK
1349,40031,Comanche ,OK
1349,40033,Cotton ,OK
1349,40051,Grady ,OK
1349,40065,Jackson ,OK
1349,40067,Jefferson ,OK
1349,40075,Kiowa ,OK
1349,40087,McClain ,OK
1349,40109,Oklahoma ,OK
1349,40141,Tillman ,OK
1355,40001,Adair ,OK
1355,40005,Atoka ,OK
1355,40009,Beckham ,OK
1355,40011,Blaine ,OK
1355,40013,Bryan ,OK
1355,40015,Caddo ,OK
1355,40017,Canadian ,OK
1355,40019,Carter ,OK
1355,40021,Cherokee ,OK
1355,40023,Choctaw ,OK
1355,40027,Cleveland ,OK
1355,40029,Coal ,OK
1355,40031,Comanche ,OK
1355,40033,Cotton ,OK
1355,40035,Craig ,OK
1355,40037,Creek ,OK
1355,40039,Custer ,OK
1355,40041,Delaware ,OK
1355,40047,Garfield ,OK
1355,40049,Garvin ,OK
1355,40051,Grady ,OK
1355,40055,Greer ,OK
1355,40057,Harmon ,OK
1355,40061,Haskell ,OK
1355,40063,Hughes ,OK
1355,40065,Jackson ,OK
1355,40067,Jefferson ,OK
1355,40069,Johnston ,OK
1355,40071,Kay ,OK
1355,40073,Kingfisher ,OK
1355,40075,Kiowa ,OK
1355,40077,Latimer ,OK
1355,40079,Le Flore ,OK
1355,40081,Lincoln ,OK
1355,40083,Logan ,OK
1355,40085,Love ,OK
1355,40087,McClain ,OK
1355,40089,McCurtain ,OK
1355,40091,McIntosh ,OK
1355,40095,Marshall ,OK
1355,40097,Mayes ,OK
1355,40099,Murray ,OK
1355,40101,Muskogee ,OK
1355,40105,Nowata ,OK
1355,40107,Okfuskee ,OK
1355,40109,Oklahoma ,OK
1355,40111,Okmulgee ,OK
1355,40113,Osage ,OK
1355,40115,Ottawa ,OK
1355,40117,Pawnee ,OK
1355,40119,Payne ,OK
1355,40121,Pittsburg ,OK
1355,40123,Pontotoc ,OK
1355,40125,Pottawatomie ,OK
1355,40127,Pushmataha ,OK
1355,40129,Roger Mills ,OK
1355,40131,Rogers ,OK
1355,40133,Seminole ,OK
1355,40135,Sequoyah ,OK
1355,40137,Stephens ,OK
1355,40141,Tillman ,OK
1355,40143,Tulsa ,OK
1355,40145,Wagoner ,OK
1355,40147,Washington ,OK
1355,40149,Washita ,OK
1384,40003,Alfalfa ,OK
1384,40005,Atoka ,OK
1384,40007,Beaver ,OK
1384,40009,Beckham ,OK
1384,40011,Blaine ,OK
1384,40013,Bryan ,OK
1384,40015,Caddo ,OK
1384,40017,Canadian ,OK
1384,40019,Carter ,OK
1384,40023,Choctaw ,OK
1384,40025,Cimarron ,OK
1384,40029,Coal ,OK
1384,40031,Comanche ,OK
1384,40033,Cotton ,OK
1384,40039,Custer ,OK
1384,40043,Dewey ,OK
1384,40045,Ellis ,OK
1384,40047,Garfield ,OK
1384,40049,Garvin ,OK
1384,40051,Grady ,OK
1384,40059,Harper ,OK
1384,40061,Haskell ,OK
1384,40065,Jackson ,OK
1384,40067,Jefferson ,OK
1384,40069,Johnston ,OK
1384,40073,Kingfisher ,OK
1384,40075,Kiowa ,OK
1384,40077,Latimer ,OK
1384,40079,Le Flore ,OK
1384,40085,Love ,OK
1384,40087,McClain ,OK
1384,40089,McCurtain ,OK
1384,40093,Major ,OK
1384,40095,Marshall ,OK
1384,40099,Murray ,OK
1384,40101,Muskogee ,OK
1384,40107,Okfuskee ,OK
1384,40109,Oklahoma ,OK
1384,40111,Okmulgee ,OK
1384,40119,Payne ,OK
1384,40121,Pittsburg ,OK
1384,40127,Pushmataha ,OK
1384,40129,Roger Mills ,OK
1384,40137,Stephens ,OK
1384,40139,Texas ,OK
1384,40141,Tillman ,OK
1384,40149,Washita ,OK
1384,40153,Woodward ,OK
1395,40015,Caddo ,OK
1395,40075,Kiowa ,OK
1395,40149,Washita ,OK
1401,40003,Alfalfa ,OK
1401,40007,Beaver ,OK
1401,40009,Beckham ,OK
1401,40011,Blaine ,OK
1401,40015,Caddo ,OK
1401,40017,Canadian ,OK
1401,40025,Cimarron ,OK
1401,40027,Cleveland ,OK
1401,40031,Comanche ,OK
1401,40037,Creek ,OK
1401,40039,Custer ,OK
1401,40043,Dewey ,OK
1401,40045,Ellis ,OK
1401,40047,Garfield ,OK
1401,40049,Garvin ,OK
1401,40051,Grady ,OK
1401,40053,Grant ,OK
1401,40055,Greer ,OK
1401,40057,Harmon ,OK
1401,40059,Harper ,OK
1401,40065,Jackson ,OK
1401,40071,Kay ,OK
1401,40073,Kingfisher ,OK
1401,40075,Kiowa ,OK
1401,40081,Lincoln ,OK
1401,40083,Logan ,OK
1401,40087,McClain ,OK
1401,40093,Major ,OK
1401,40103,Noble ,OK
1401,40105,Nowata ,OK
1401,40109,Oklahoma ,OK
1401,40113,Osage ,OK
1401,40117,Pawnee ,OK
1401,40119,Payne ,OK
1401,40125,Pottawatomie ,OK
1401,40129,Roger Mills ,OK
1401,40131,Rogers ,OK
1401,40137,Stephens ,OK
1401,40139,Texas ,OK
1401,40141,Tillman ,OK
1401,40143,Tulsa ,OK
1401,40147,Washington ,OK
1401,40149,Washita ,OK
1401,40151,Woods ,OK
1401,40153,Woodward ,OK
1452,40009,Beckham ,OK
1452,40011,Blaine ,OK
1452,40015,Caddo ,OK
1452,40017,Canadian ,OK
1452,40039,Custer ,OK
1452,40073,Kingfisher ,OK
1452,40075,Kiowa ,OK
1452,40083,Logan ,OK
1452,40103,Noble ,OK
1452,40113,Osage ,OK
1452,40117,Pawnee ,OK
1452,40119,Payne ,OK
1452,40129,Roger Mills ,OK
1452,40149,Washita ,OK
1465,40007,Beaver ,OK
1465,40017,Canadian ,OK
1465,40019,Carter ,OK
1465,40021,Cherokee ,OK
1465,40025,Cimarron ,OK
1465,40027,Cleveland ,OK
1465,40037,Creek ,OK
1465,40041,Delaware ,OK
1465,40049,Garvin ,OK
1465,40051,Grady ,OK
1465,40071,Kay ,OK
1465,40073,Kingfisher ,OK
1465,40081,Lincoln ,OK
1465,40083,Logan ,OK
1465,40087,McClain ,OK
1465,40101,Muskogee ,OK
1465,40105,Nowata ,OK
1465,40107,Okfuskee ,OK
1465,40109,Oklahoma ,OK
1465,40111,Okmulgee ,OK
1465,40113,Osage ,OK
1465,40123,Pontotoc ,OK
1465,40125,Pottawatomie ,OK
1465,40129,Roger Mills ,OK
1465,40133,Seminole ,OK
1465,40139,Texas ,OK
1465,40147,Washington ,OK
1623,40001,Adair ,OK
1623,40003,Alfalfa ,OK
1623,40005,Atoka ,OK
1623,40007,Beaver ,OK
1623,40009,Beckham ,OK
1623,40011,Blaine ,OK
1623,40013,Bryan ,OK
1623,40015,Caddo ,OK
1623,40017,Canadian ,OK
1623,40019,Carter ,OK
1623,40021,Cherokee ,OK
1623,40023,Choctaw ,OK
1623,40025,Cimarron ,OK
1623,40027,Cleveland ,OK
1623,40029,Coal ,OK
1623,40031,Comanche ,OK
1623,40033,Cotton ,OK
1623,40035,Craig ,OK
1623,40037,Creek ,OK
1623,40039,Custer ,OK
1623,40041,Delaware ,OK
1623,40043,Dewey ,OK
1623,40045,Ellis ,OK
1623,40047,Garfield ,OK
1623,40049,Garvin ,OK
1623,40051,Grady ,OK
1623,40053,Grant ,OK
1623,40055,Greer ,OK
1623,40057,Harmon ,OK
1623,40059,Harper ,OK
1623,40061,Haskell ,OK
1623,40063,Hughes ,OK
1623,40065,Jackson ,OK
1623,40067,Jefferson ,OK
1623,40069,Johnston ,OK
1623,40071,Kay ,OK
1623,40073,Kingfisher ,OK
1623,40075,Kiowa ,OK
1623,40077,Latimer ,OK
1623,40079,Le Flore ,OK
1623,40081,Lincoln ,OK
1623,40083,Logan ,OK
1623,40085,Love ,OK
1623,40087,McClain ,OK
1623,40089,McCurtain ,OK
1623,40091,McIntosh ,OK
1623,40093,Major ,OK
1623,40095,Marshall ,OK
1623,40097,Mayes ,OK
1623,40099,Murray ,OK
1623,40101,Muskogee ,OK
1623,40103,Noble ,OK
1623,40105,Nowata ,OK
1623,40107,Okfuskee ,OK
1623,40109,Oklahoma ,OK
1623,40111,Okmulgee ,OK
1623,40113,Osage ,OK
1623,40115,Ottawa ,OK
1623,40117,Pawnee ,OK
1623,40119,Payne ,OK
1623,40121,Pittsburg ,OK
1623,40123,Pontotoc ,OK
1623,40125,Pottawatomie ,OK
1623,40127,Pushmataha ,OK
1623,40129,Roger Mills ,OK
1623,40131,Rogers ,OK
1623,40133,Seminole ,OK
1623,40135,Sequoyah ,OK
1623,40137,Stephens ,OK
1623,40139,Texas ,OK
1623,40141,Tillman ,OK
1623,40143,Tulsa ,OK
1623,40145,Wagoner ,OK
1623,40147,Washington ,OK
1623,40149,Washita ,OK
1623,40151,Woods ,OK
1623,40153,Woodward ,OK
1637,40041,Delaware ,OK
1677,40007,Beaver ,OK
1677,40025,Cimarron ,OK
1677,40139,Texas ,OK
1678,40001,Adair ,OK
1678,40003,Alfalfa ,OK
1678,40005,Atoka ,OK
1678,40013,Bryan ,OK
1678,40015,Caddo ,OK
1678,40017,Canadian ,OK
1678,40021,Cherokee ,OK
1678,40027,Cleveland ,OK
1678,40029,Coal ,OK
1678,40031,Comanche ,OK
1678,40033,Cotton ,OK
1678,40035,Craig ,OK
1678,40041,Delaware ,OK
1678,40043,Dewey ,OK
1678,40047,Garfield ,OK
1678,40049,Garvin ,OK
1678,40053,Grant ,OK
1678,40055,Greer ,OK
1678,40061,Haskell ,OK
1678,40063,Hughes ,OK
1678,40065,Jackson ,OK
1678,40067,Jefferson ,OK
1678,40069,Johnston ,OK
1678,40071,Kay ,OK
1678,40077,Latimer ,OK
1678,40081,Lincoln ,OK
1678,40087,McClain ,OK
1678,40091,McIntosh ,OK
1678,40097,Mayes ,OK
1678,40101,Muskogee ,OK
1678,40107,Okfuskee ,OK
1678,40111,Okmulgee ,OK
1678,40113,Osage ,OK
1678,40115,Ottawa ,OK
1678,40121,Pittsburg ,OK
1678,40123,Pontotoc ,OK
1678,40125,Pottawatomie ,OK
1678,40127,Pushmataha ,OK
1678,40131,Rogers ,OK
1678,40133,Seminole ,OK
1678,40135,Sequoyah ,OK
1678,40137,Stephens ,OK
1678,40141,Tillman ,OK
1678,40143,Tulsa ,OK
1678,40145,Wagoner ,OK
1678,40147,Washington ,OK
1678,40149,Washita ,OK
1678,40151,Woods ,OK
1707,40005,Atoka ,OK
1707,40009,Beckham ,OK
1707,40011,Blaine ,OK
1707,40015,Caddo ,OK
1707,40017,Canadian ,OK
1707,40031,Comanche ,OK
1707,40033,Cotton ,OK
1707,40043,Dewey ,OK
1707,40045,Ellis ,OK
1707,40051,Grady ,OK
1707,40053,Grant ,OK
1707,40055,Greer ,OK
1707,40063,Hughes ,OK
1707,40071,Kay ,OK
1707,40075,Kiowa ,OK
1707,40081,Lincoln ,OK
1707,40083,Logan ,OK
1707,40087,McClain ,OK
1707,40091,McIntosh ,OK
1707,40103,Noble ,OK
1707,40105,Nowata ,OK
1707,40107,Okfuskee ,OK
1707,40117,Pawnee ,OK
1707,40125,Pottawatomie ,OK
1707,40129,Roger Mills ,OK
1707,40133,Seminole ,OK
1707,40141,Tillman ,OK
1712,40003,Alfalfa ,OK
1712,40005,Atoka ,OK
1712,40011,Blaine ,OK
1712,40013,Bryan ,OK
1712,40015,Caddo ,OK
1712,40017,Canadian ,OK
1712,40023,Choctaw ,OK
1712,40027,Cleveland ,OK
1712,40029,Coal ,OK
1712,40031,Comanche ,OK
1712,40033,Cotton ,OK
1712,40035,Craig ,OK
1712,40037,Creek ,OK
1712,40039,Custer ,OK
1712,40041,Delaware ,OK
1712,40043,Dewey ,OK
1712,40047,Garfield ,OK
1712,40049,Garvin ,OK
1712,40051,Grady ,OK
1712,40053,Grant ,OK
1712,40059,Harper ,OK
1712,40063,Hughes ,OK
1712,40065,Jackson ,OK
1712,40067,Jefferson ,OK
1712,40069,Johnston ,OK
1712,40071,Kay ,OK
1712,40073,Kingfisher ,OK
1712,40075,Kiowa ,OK
1712,40081,Lincoln ,OK
1712,40083,Logan ,OK
1712,40085,Love ,OK
1712,40087,McClain ,OK
1712,40089,McCurtain ,OK
1712,40091,McIntosh ,OK
1712,40093,Major ,OK
1712,40095,Marshall ,OK
1712,40097,Mayes ,OK
1712,40101,Muskogee ,OK
1712,40103,Noble ,OK
1712,40105,Nowata ,OK
1712,40107,Okfuskee ,OK
1712,40109,Oklahoma ,OK
1712,40111,Okmulgee ,OK
1712,40113,Osage ,OK
1712,40115,Ottawa ,OK
1712,40117,Pawnee ,OK
1712,40119,Payne ,OK
1712,40123,Pontotoc ,OK
1712,40125,Pottawatomie ,OK
1712,40127,Pushmataha ,OK
1712,40131,Rogers ,OK
1712,40133,Seminole ,OK
1712,40135,Sequoyah ,OK
1712,40137,Stephens ,OK
1712,40141,Tillman ,OK
1712,40145,Wagoner ,OK
1712,40147,Washington ,OK
1712,40149,Washita ,OK
1712,40151,Woods ,OK
1712,40153,Woodward ,OK
1718,40011,Blaine ,OK
1718,40015,Caddo ,OK
1718,40017,Canadian ,OK
1718,40027,Cleveland ,OK
1718,40031,Comanche ,OK
1718,40033,Cotton ,OK
1718,40039,Custer ,OK
1718,40043,Dewey ,OK
1718,40045,Ellis ,OK
1718,40049,Garvin ,OK
1718,40051,Grady ,OK
1718,40073,Kingfisher ,OK
1718,40075,Kiowa ,OK
1718,40077,Latimer ,OK
1718,40083,Logan ,OK
1718,40087,McClain ,OK
1718,40107,Okfuskee ,OK
1718,40109,Oklahoma ,OK
1718,40111,Okmulgee ,OK
1718,40125,Pottawatomie ,OK
1718,40133,Seminole ,OK
1718,40137,Stephens ,OK
1718,40149,Washita ,OK
1723,40013,Bryan ,OK
1723,40031,Comanche ,OK
1723,40033,Cotton ,OK
1723,40049,Garvin ,OK
1723,40083,Logan ,OK
1723,40123,Pontotoc ,OK
1723,40133,Seminole ,OK
1723,40137,Stephens ,OK
1723,40141,Tillman ,OK
1735,40007,Beaver ,OK
1735,40015,Caddo ,OK
1735,40017,Canadian ,OK
1735,40027,Cleveland ,OK
1735,40035,Craig ,OK
1735,40037,Creek ,OK
1735,40041,Delaware ,OK
1735,40051,Grady ,OK
1735,40081,Lincoln ,OK
1735,40087,McClain ,OK
1735,40097,Mayes ,OK
1735,40105,Nowata ,OK
1735,40107,Okfuskee ,OK
1735,40109,Oklahoma ,OK
1735,40111,Okmulgee ,OK
1735,40113,Osage ,OK
1735,40115,Ottawa ,OK
1735,40117,Pawnee ,OK
1735,40119,Payne ,OK
1735,40125,Pottawatomie ,OK
1735,40131,Rogers ,OK
1735,40133,Seminole ,OK
1735,40143,Tulsa ,OK
1735,40145,Wagoner ,OK
1735,40147,Washington ,OK
1752,40001,Adair ,OK
1752,40061,Haskell ,OK
1752,40063,Hughes ,OK
1752,40077,Latimer ,OK
1752,40079,Le Flore ,OK
1752,40089,McCurtain ,OK
1752,40091,McIntosh ,OK
1752,40097,Mayes ,OK
1752,40101,Muskogee ,OK
1752,40107,Okfuskee ,OK
1752,40111,Okmulgee ,OK
1752,40121,Pittsburg ,OK
1752,40127,Pushmataha ,OK
1752,40135,Sequoyah ,OK
1754,40001,Adair ,OK
1754,40015,Caddo ,OK
1754,40029,Coal ,OK
1754,40041,Delaware ,OK
1754,40061,Haskell ,OK
1754,40063,Hughes ,OK
1754,40069,Johnston ,OK
1754,40073,Kingfisher ,OK
1754,40077,Latimer ,OK
1754,40083,Logan ,OK
1754,40085,Love ,OK
1754,40091,McIntosh ,OK
1754,40097,Mayes ,OK
1754,40101,Muskogee ,OK
1754,40107,Okfuskee ,OK
1754,40115,Ottawa ,OK
1754,40117,Pawnee ,OK
1754,40121,Pittsburg ,OK
1754,40127,Pushmataha ,OK
1754,40131,Rogers ,OK
1754,40133,Seminole ,OK
1754,40135,Sequoyah ,OK
1754,40141,Tillman ,OK
1754,40145,Wagoner ,OK
1756,40035,Craig ,OK
1756,40077,Latimer ,OK
1756,40115,Ottawa ,OK
1756,40121,Pittsburg ,OK
1775,40003,Alfalfa ,OK
1775,40007,Beaver ,OK
1775,40009,Beckham ,OK
1775,40011,Blaine ,OK
1775,40023,Choctaw ,OK
1775,40033,Cotton ,OK
1775,40039,Custer ,OK
1775,40043,Dewey ,OK
1775,40045,Ellis ,OK
1775,40047,Garfield ,OK
1775,40053,Grant ,OK
1775,40057,Harmon ,OK
1775,40059,Harper ,OK
1775,40065,Jackson ,OK
1775,40071,Kay ,OK
1775,40075,Kiowa ,OK
1775,40093,Major ,OK
1775,40105,Nowata ,OK
1775,40107,Okfuskee ,OK
1775,40113,Osage ,OK
1775,40115,Ottawa ,OK
1775,40129,Roger Mills ,OK
1775,40131,Rogers ,OK
1775,40141,Tillman ,OK
1775,40149,Washita ,OK
1775,40151,Woods ,OK
1803,40003,Alfalfa ,OK
1803,40025,Cimarron ,OK
1803,40043,Dewey ,OK
1803,40045,Ellis ,OK
1803,40047,Garfield ,OK
1803,40053,Grant ,OK
1803,40059,Harper ,OK
1803,40071,Kay ,OK
1803,40093,Major ,OK
1803,40151,Woods ,OK
1803,40153,Woodward ,OK
1820,40019,Carter ,OK
1820,40029,Coal ,OK
1820,40083,Logan ,OK
1820,40085,Love ,OK
1820,40109,Oklahoma ,OK
1823,40001,Adair ,OK
1823,40021,Cherokee ,OK
1823,40031,Comanche ,OK
1823,40041,Delaware ,OK
1823,40061,Haskell ,OK
1823,40063,Hughes ,OK
1823,40091,McIntosh ,OK
1823,40101,Muskogee ,OK
1823,40107,Okfuskee ,OK
1823,40135,Sequoyah ,OK
1846,40019,Carter ,OK
1846,40027,Cleveland ,OK
1846,40051,Grady ,OK
1846,40081,Lincoln ,OK
1846,40087,McClain ,OK
1846,40099,Murray ,OK
1846,40109,Oklahoma ,OK
1846,40119,Payne ,OK
1846,40137,Stephens ,OK
1876,40003,Alfalfa ,OK
1876,40009,Beckham ,OK
1876,40013,Bryan ,OK
1876,40015,Caddo ,OK
1876,40017,Canadian ,OK
1876,40019,Carter ,OK
1876,40021,Cherokee ,OK
1876,40027,Cleveland ,OK
1876,40031,Comanche ,OK
1876,40033,Cotton ,OK
1876,40035,Craig ,OK
1876,40037,Creek ,OK
1876,40041,Delaware ,OK
1876,40043,Dewey ,OK
1876,40049,Garvin ,OK
1876,40051,Grady ,OK
1876,40055,Greer ,OK
1876,40057,Harmon ,OK
1876,40061,Haskell ,OK
1876,40063,Hughes ,OK
1876,40065,Jackson ,OK
1876,40067,Jefferson ,OK
1876,40071,Kay ,OK
1876,40075,Kiowa ,OK
1876,40079,Le Flore ,OK
1876,40081,Lincoln ,OK
1876,40083,Logan ,OK
1876,40085,Love ,OK
1876,40087,McClain ,OK
1876,40089,McCurtain ,OK
1876,40091,McIntosh ,OK
1876,40097,Mayes ,OK
1876,40101,Muskogee ,OK
1876,40103,Noble ,OK
1876,40105,Nowata ,OK
1876,40107,Okfuskee ,OK
1876,40111,Okmulgee ,OK
1876,40113,Osage ,OK
1876,40115,Ottawa ,OK
1876,40117,Pawnee ,OK
1876,40119,Payne ,OK
1876,40121,Pittsburg ,OK
1876,40123,Pontotoc ,OK
1876,40125,Pottawatomie ,OK
1876,40129,Roger Mills ,OK
1876,40131,Rogers ,OK
1876,40133,Seminole ,OK
1876,40135,Sequoyah ,OK
1876,40137,Stephens ,OK
1876,40141,Tillman ,OK
1876,40143,Tulsa ,OK
1876,40145,Wagoner ,OK
1876,40147,Washington ,OK
1876,40149,Washita ,OK
1883,40003,Alfalfa ,OK
1883,40007,Beaver ,OK
1883,40009,Beckham ,OK
1883,40011,Blaine ,OK
1883,40015,Caddo ,OK
1883,40017,Canadian ,OK
1883,40021,Cherokee ,OK
1883,40027,Cleveland ,OK
1883,40031,Comanche ,OK
1883,40033,Cotton ,OK
1883,40035,Craig ,OK
1883,40037,Creek ,OK
1883,40039,Custer ,OK
1883,40041,Delaware ,OK
1883,40043,Dewey ,OK
1883,40045,Ellis ,OK
1883,40049,Garvin ,OK
1883,40051,Grady ,OK
1883,40053,Grant ,OK
1883,40055,Greer ,OK
1883,40057,Harmon ,OK
1883,40061,Haskell ,OK
1883,40063,Hughes ,OK
1883,40065,Jackson ,OK
1883,40075,Kiowa ,OK
1883,40079,Le Flore ,OK
1883,40081,Lincoln ,OK
1883,40083,Logan ,OK
1883,40087,McClain ,OK
1883,40093,Major ,OK
1883,40097,Mayes ,OK
1883,40099,Murray ,OK
1883,40101,Muskogee ,OK
1883,40105,Nowata ,OK
1883,40107,Okfuskee ,OK
1883,40111,Okmulgee ,OK
1883,40115,Ottawa ,OK
1883,40117,Pawnee ,OK
1883,40123,Pontotoc ,OK
1883,40125,Pottawatomie ,OK
1883,40129,Roger Mills ,OK
1883,40131,Rogers ,OK
1883,40133,Seminole ,OK
1883,40135,Sequoyah ,OK
1883,40137,Stephens ,OK
1883,40139,Texas ,OK
1883,40141,Tillman ,OK
1883,40145,Wagoner ,OK
1883,40147,Washington ,OK
1883,40149,Washita ,OK
1917,40003,Alfalfa ,OK
1917,40019,Carter ,OK
1917,40027,Cleveland ,OK
1917,40037,Creek ,OK
1917,40049,Garvin ,OK
1917,40053,Grant ,OK
1917,40085,Love ,OK
1917,40091,McIntosh ,OK
1917,40093,Major ,OK
1917,40103,Noble ,OK
1917,40107,Okfuskee ,OK
1917,40109,Oklahoma ,OK
1917,40111,Okmulgee ,OK
1917,40113,Osage ,OK
1917,40125,Pottawatomie ,OK
1917,40133,Seminole ,OK
1926,40007,Beaver ,OK
1926,40025,Cimarron ,OK
1926,40081,Lincoln ,OK
1926,40083,Logan ,OK
1926,40093,Major ,OK
1926,40109,Oklahoma ,OK
1926,40139,Texas ,OK
1970,40005,Atoka ,OK
1970,40127,Pushmataha ,OK
1985,40035,Craig ,OK
1985,40037,Creek ,OK
1985,40067,Jefferson ,OK
1985,40083,Logan ,OK
1985,40097,Mayes ,OK
1985,40105,Nowata ,OK
1985,40111,Okmulgee ,OK
1985,40113,Osage ,OK
1985,40115,Ottawa ,OK
1985,40117,Pawnee ,OK
1985,40125,Pottawatomie ,OK
1985,40131,Rogers ,OK
1985,40137,Stephens ,OK
1985,40143,Tulsa ,OK
1985,40145,Wagoner ,OK
1985,40147,Washington ,OK
1988,40001,Adair ,OK
1988,40021,Cherokee ,OK
1988,40041,Delaware ,OK
1988,40061,Haskell ,OK
1988,40079,Le Flore ,OK
1988,40091,McIntosh ,OK
1988,40101,Muskogee ,OK
1988,40111,Okmulgee ,OK
1988,40121,Pittsburg ,OK
1988,40135,Sequoyah ,OK
1989,40011,Blaine ,OK
1989,40015,Caddo ,OK
1989,40017,Canadian ,OK
1989,40035,Craig ,OK
1989,40041,Delaware ,OK
1989,40051,Grady ,OK
1989,40067,Jefferson ,OK
1989,40073,Kingfisher ,OK
1989,40079,Le Flore ,OK
1989,40083,Logan ,OK
1989,40087,McClain ,OK
1989,40093,Major ,OK
1989,40105,Nowata ,OK
1989,40113,Osage ,OK
1989,40115,Ottawa ,OK
2003,40000,Statewide,OK
2118,40000,Statewide,OK
2119,40000,Statewide,OK
2120,40000,Statewide,OK
2136,40000,Statewide,OK
2140,40000,Statewide,OK
2144,40000,Statewide,OK
2173,40000,Statewide,OK
2226,40000,Statewide,OK
2243,40000,Statewide,OK
2247,40000,Statewide,OK
2341,40099,Murray ,OK
2342,40037,Creek ,OK
2343,40083,Logan ,OK
241,40023,Choctaw ,OK
241,40061,Haskell ,OK
241,40077,Latimer ,OK
241,40079,Le Flore ,OK
241,40127,Pushmataha ,OK
2482,40031,Comanche ,OK
2587,40097,Mayes ,OK
2588,40019,Carter ,OK
2589,40049,Garvin ,OK
2590,40091,McIntosh ,OK
2592,40133,Seminole ,OK
2594,40013,Bryan ,OK
2595,40109,Oklahoma ,OK
2597,40037,Creek ,OK
2599,40101,Muskogee ,OK
2601,40037,Creek ,OK
2602,40125,Pottawatomie ,OK
2603,40073,Kingfisher ,OK
2604,40083,Logan ,OK
2605,40037,Creek ,OK
2606,40081,Lincoln ,OK
2606,40107,Okfuskee ,OK
2607,40109,Oklahoma ,OK
2608,40091,McIntosh ,OK
2615,40091,McIntosh ,OK
2616,40091,McIntosh ,OK
2616,40111,Okmulgee ,OK
2618,40019,Carter ,OK
2623,40103,Noble ,OK
2623,40119,Payne ,OK
2624,40015,Caddo ,OK
2625,40037,Creek ,OK
2626,40067,Jefferson ,OK
2627,40049,Garvin ,OK
2628,40113,Osage ,OK
2628,40143,Tulsa ,OK
2633,40071,Kay ,OK
2634,40015,Caddo ,OK
2635,40087,McClain ,OK
2746,40153,Woodward ,OK
2756,40153,Woodward ,OK
2769,40075,Kiowa ,OK
2799,40000,Statewide,OK
2808,40109,Oklahoma ,OK
2809,40087,McClain ,OK
2811,40019,Carter ,OK
2812,40137,Stephens ,OK
2813,40119,Payne ,OK
2868,40109,Oklahoma ,OK
2869,40109,Oklahoma ,OK
2871,40087,McClain ,OK
2872,40125,Pottawatomie ,OK
2874,40113,Osage ,OK
2879,40139,Texas ,OK
2883,40109,Oklahoma ,OK
2887,40117,Pawnee ,OK
2890,40031,Comanche ,OK
2932,40031,Comanche ,OK
2938,40109,Oklahoma ,OK
2939,40099,Murray ,OK
2940,40037,Creek ,OK
2941,40017,Canadian ,OK
2942,40027,Cleveland ,OK
2943,40037,Creek ,OK
2944,40143,Tulsa ,OK
2945,40109,Oklahoma ,OK
2946,40143,Tulsa ,OK
2947,40037,Creek ,OK
2947,40117,Pawnee ,OK
2948,40027,Cleveland ,OK
2951,40109,Oklahoma ,OK
2953,40125,Pottawatomie ,OK
2954,40109,Oklahoma ,OK
2956,40031,Comanche ,OK
297,40001,Adair ,OK
297,40005,Atoka ,OK
297,40019,Carter ,OK
297,40027,Cleveland ,OK
297,40029,Coal ,OK
297,40049,Garvin ,OK
297,40067,Jefferson ,OK
297,40077,Latimer ,OK
297,40081,Lincoln ,OK
297,40087,McClain ,OK
297,40099,Murray ,OK
297,40121,Pittsburg ,OK
297,40123,Pontotoc ,OK
297,40125,Pottawatomie ,OK
297,40133,Seminole ,OK
2997,40000,Statewide,OK
2998,40011,Blaine ,OK
2999,40027,Cleveland ,OK
3020,40079,Le Flore ,OK
3115,40000,Statewide,OK
3118,40019,Carter ,OK
3118,40027,Cleveland ,OK
3118,40065,Jackson ,OK
3118,40119,Payne ,OK
3118,40143,Tulsa ,OK
3118,40147,Washington ,OK
3118,40153,Woodward ,OK
314,40033,Cotton ,OK
314,40037,Creek ,OK
314,40111,Okmulgee ,OK
314,40113,Osage ,OK
314,40143,Tulsa ,OK
314,40145,Wagoner ,OK
3158,40001,Adair ,OK
3158,40005,Atoka ,OK
3158,40013,Bryan ,OK
3158,40019,Carter ,OK
3158,40021,Cherokee ,OK
3158,40023,Choctaw ,OK
3158,40027,Cleveland ,OK
3158,40029,Coal ,OK
3158,40033,Cotton ,OK
3158,40037,Creek ,OK
3158,40049,Garvin ,OK
3158,40051,Grady ,OK
3158,40061,Haskell ,OK
3158,40063,Hughes ,OK
3158,40067,Jefferson ,OK
3158,40069,Johnston ,OK
3158,40077,Latimer ,OK
3158,40079,Le Flore ,OK
3158,40081,Lincoln ,OK
3158,40085,Love ,OK
3158,40087,McClain ,OK
3158,40089,McCurtain ,OK
3158,40091,McIntosh ,OK
3158,40095,Marshall ,OK
3158,40099,Murray ,OK
3158,40101,Muskogee ,OK
3158,40107,Okfuskee ,OK
3158,40109,Oklahoma ,OK
3158,40111,Okmulgee ,OK
3158,40121,Pittsburg ,OK
3158,40123,Pontotoc ,OK
3158,40125,Pottawatomie ,OK
3158,40127,Pushmataha ,OK
3158,40133,Seminole ,OK
3158,40135,Sequoyah ,OK
3158,40137,Stephens ,OK
3158,40143,Tulsa ,OK
3158,40145,Wagoner ,OK
3158,40147,Washington ,OK
317,40005,Atoka ,OK
317,40013,Bryan ,OK
317,40023,Choctaw ,OK
317,40061,Haskell ,OK
317,40077,Latimer ,OK
317,40079,Le Flore ,OK
317,40089,McCurtain ,OK
317,40121,Pittsburg ,OK
317,40127,Pushmataha ,OK
317,40135,Sequoyah ,OK
317,40143,Tulsa ,OK
317,40145,Wagoner ,OK
3219,40001,Adair ,OK
3219,40003,Alfalfa ,OK
3219,40005,Atoka ,OK
3219,40007,Beaver ,OK
3219,40009,Beckham ,OK
3219,40011,Blaine ,OK
3219,40013,Bryan ,OK
3219,40015,Caddo ,OK
3219,40017,Canadian ,OK
3219,40019,Carter ,OK
3219,40021,Cherokee ,OK
3219,40023,Choctaw ,OK
3219,40025,Cimarron ,OK
3219,40027,Cleveland ,OK
3219,40029,Coal ,OK
3219,40031,Comanche ,OK
3219,40033,Cotton ,OK
3219,40035,Craig ,OK
3219,40037,Creek ,OK
3219,40039,Custer ,OK
3219,40041,Delaware ,OK
3219,40043,Dewey ,OK
3219,40045,Ellis ,OK
3219,40047,Garfield ,OK
3219,40049,Garvin ,OK
3219,40051,Grady ,OK
3219,40053,Grant ,OK
3219,40055,Greer ,OK
3219,40057,Harmon ,OK
3219,40059,Harper ,OK
3219,40061,Haskell ,OK
3219,40063,Hughes ,OK
3219,40065,Jackson ,OK
3219,40067,Jefferson ,OK
3219,40069,Johnston ,OK
3219,40071,Kay ,OK
3219,40073,Kingfisher ,OK
3219,40075,Kiowa ,OK
3219,40077,Latimer ,OK
3219,40079,Le Flore ,OK
3219,40081,Lincoln ,OK
3219,40083,Logan ,OK
3219,40085,Love ,OK
3219,40087,McClain ,OK
3219,40089,McCurtain ,OK
3219,40091,McIntosh ,OK
3219,40093,Major ,OK
3219,40095,Marshall ,OK
3219,40097,Mayes ,OK
3219,40099,Murray ,OK
3219,40101,Muskogee ,OK
3219,40103,Noble ,OK
3219,40105,Nowata ,OK
3219,40107,Okfuskee ,OK
3219,40109,Oklahoma ,OK
3219,40111,Okmulgee ,OK
3219,40113,Osage ,OK
3219,40115,Ottawa ,OK
3219,40117,Pawnee ,OK
3219,40119,Payne ,OK
3219,40121,Pittsburg ,OK
3219,40123,Pontotoc ,OK
3219,40125,Pottawatomie ,OK
3219,40127,Pushmataha ,OK
3219,40129,Roger Mills ,OK
3219,40131,Rogers ,OK
3219,40133,Seminole ,OK
3219,40135,Sequoyah ,OK
3219,40137,Stephens ,OK
3219,40139,Texas ,OK
3219,40141,Tillman ,OK
3219,40143,Tulsa ,OK
3219,40145,Wagoner ,OK
3219,40147,Washington ,OK
3219,40149,Washita ,OK
3219,40151,Woods ,OK
3219,40153,Woodward ,OK
3272,40001,Adair ,OK
3272,40003,Alfalfa ,OK
3272,40005,Atoka ,OK
3272,40007,Beaver ,OK
3272,40009,Beckham ,OK
3272,40011,Blaine ,OK
3272,40013,Bryan ,OK
3272,40015,Caddo ,OK
3272,40017,Canadian ,OK
3272,40019,Carter ,OK
3272,40021,Cherokee ,OK
3272,40023,Choctaw ,OK
3272,40025,Cimarron ,OK
3272,40027,Cleveland ,OK
3272,40029,Coal ,OK
3272,40031,Comanche ,OK
3272,40033,Cotton ,OK
3272,40035,Craig ,OK
3272,40037,Creek ,OK
3272,40039,Custer ,OK
3272,40041,Delaware ,OK
3272,40043,Dewey ,OK
3272,40045,Ellis ,OK
3272,40047,Garfield ,OK
3272,40049,Garvin ,OK
3272,40051,Grady ,OK
3272,40053,Grant ,OK
3272,40055,Greer ,OK
3272,40057,Harmon ,OK
3272,40059,Harper ,OK
3272,40061,Haskell ,OK
3272,40063,Hughes ,OK
3272,40065,Jackson ,OK
3272,40067,Jefferson ,OK
3272,40069,Johnston ,OK
3272,40071,Kay ,OK
3272,40073,Kingfisher ,OK
3272,40075,Kiowa ,OK
3272,40077,Latimer ,OK
3272,40079,Le Flore ,OK
3272,40081,Lincoln ,OK
3272,40083,Logan ,OK
3272,40085,Love ,OK
3272,40087,McClain ,OK
3272,40089,McCurtain ,OK
3272,40091,McIntosh ,OK
3272,40093,Major ,OK
3272,40095,Marshall ,OK
3272,40097,Mayes ,OK
3272,40099,Murray ,OK
3272,40101,Muskogee ,OK
3272,40103,Noble ,OK
3272,40105,Nowata ,OK
3272,40107,Okfuskee ,OK
3272,40109,Oklahoma ,OK
3272,40111,Okmulgee ,OK
3272,40113,Osage ,OK
3272,40115,Ottawa ,OK
3272,40117,Pawnee ,OK
3272,40119,Payne ,OK
3272,40121,Pittsburg ,OK
3272,40123,Pontotoc ,OK
3272,40125,Pottawatomie ,OK
3272,40127,Pushmataha ,OK
3272,40129,Roger Mills ,OK
3272,40131,Rogers ,OK
3272,40133,Seminole ,OK
3272,40135,Sequoyah ,OK
3272,40137,Stephens ,OK
3272,40139,Texas ,OK
3272,40141,Tillman ,OK
3272,40143,Tulsa ,OK
3272,40145,Wagoner ,OK
3272,40147,Washington ,OK
3272,40149,Washita ,OK
3272,40151,Woods ,OK
3272,40153,Woodward ,OK
3280,40001,Adair ,OK
3280,40003,Alfalfa ,OK
3280,40005,Atoka ,OK
3280,40007,Beaver ,OK
3280,40009,Beckham ,OK
3280,40011,Blaine ,OK
3280,40013,Bryan ,OK
3280,40015,Caddo ,OK
3280,40017,Canadian ,OK
3280,40019,Carter ,OK
3280,40021,Cherokee ,OK
3280,40023,Choctaw ,OK
3280,40025,Cimarron ,OK
3280,40027,Cleveland ,OK
3280,40029,Coal ,OK
3280,40031,Comanche ,OK
3280,40033,Cotton ,OK
3280,40035,Craig ,OK
3280,40037,Creek ,OK
3280,40039,Custer ,OK
3280,40041,Delaware ,OK
3280,40043,Dewey ,OK
3280,40045,Ellis ,OK
3280,40047,Garfield ,OK
3280,40049,Garvin ,OK
3280,40051,Grady ,OK
3280,40053,Grant ,OK
3280,40055,Greer ,OK
3280,40057,Harmon ,OK
3280,40059,Harper ,OK
3280,40061,Haskell ,OK
3280,40063,Hughes ,OK
3280,40065,Jackson ,OK
3280,40067,Jefferson ,OK
3280,40069,Johnston ,OK
3280,40071,Kay ,OK
3280,40073,Kingfisher ,OK
3280,40075,Kiowa ,OK
3280,40077,Latimer ,OK
3280,40079,Le Flore ,OK
3280,40081,Lincoln ,OK
3280,40083,Logan ,OK
3280,40085,Love ,OK
3280,40087,McClain ,OK
3280,40089,McCurtain ,OK
3280,40091,McIntosh ,OK
3280,40093,Major ,OK
3280,40095,Marshall ,OK
3280,40097,Mayes ,OK
3280,40099,Murray ,OK
3280,40101,Muskogee ,OK
3280,40103,Noble ,OK
3280,40105,Nowata ,OK
3280,40107,Okfuskee ,OK
3280,40109,Oklahoma ,OK
3280,40111,Okmulgee ,OK
3280,40113,Osage ,OK
3280,40115,Ottawa ,OK
3280,40117,Pawnee ,OK
3280,40119,Payne ,OK
3280,40121,Pittsburg ,OK
3280,40123,Pontotoc ,OK
3280,40125,Pottawatomie ,OK
3280,40127,Pushmataha ,OK
3280,40129,Roger Mills ,OK
3280,40131,Rogers ,OK
3280,40133,Seminole ,OK
3280,40135,Sequoyah ,OK
3280,40137,Stephens ,OK
3280,40139,Texas ,OK
3280,40141,Tillman ,OK
3280,40143,Tulsa ,OK
3280,40145,Wagoner ,OK
3280,40147,Washington ,OK
3280,40149,Washita ,OK
3280,40151,Woods ,OK
3280,40153,Woodward ,OK
3305,40007,Beaver ,OK
3305,40045,Ellis ,OK
3305,40151,Woods ,OK
3305,40153,Woodward ,OK
3308,40001,Adair ,OK
3308,40003,Alfalfa ,OK
3308,40005,Atoka ,OK
3308,40007,Beaver ,OK
3308,40009,Beckham ,OK
3308,40011,Blaine ,OK
3308,40013,Bryan ,OK
3308,40015,Caddo ,OK
3308,40017,Canadian ,OK
3308,40019,Carter ,OK
3308,40021,Cherokee ,OK
3308,40023,Choctaw ,OK
3308,40025,Cimarron ,OK
3308,40027,Cleveland ,OK
3308,40029,Coal ,OK
3308,40031,Comanche ,OK
3308,40033,Cotton ,OK
3308,40035,Craig ,OK
3308,40037,Creek ,OK
3308,40039,Custer ,OK
3308,40041,Delaware ,OK
3308,40043,Dewey ,OK
3308,40045,Ellis ,OK
3308,40047,Garfield ,OK
3308,40049,Garvin ,OK
3308,40051,Grady ,OK
3308,40053,Grant ,OK
3308,40055,Greer ,OK
3308,40057,Harmon ,OK
3308,40059,Harper ,OK
3308,40061,Haskell ,OK
3308,40063,Hughes ,OK
3308,40065,Jackson ,OK
3308,40067,Jefferson ,OK
3308,40069,Johnston ,OK
3308,40071,Kay ,OK
3308,40073,Kingfisher ,OK
3308,40075,Kiowa ,OK
3308,40077,Latimer ,OK
3308,40079,Le Flore ,OK
3308,40081,Lincoln ,OK
3308,40083,Logan ,OK
3308,40085,Love ,OK
3308,40087,McClain ,OK
3308,40089,McCurtain ,OK
3308,40091,McIntosh ,OK
3308,40093,Major ,OK
3308,40095,Marshall ,OK
3308,40097,Mayes ,OK
3308,40099,Murray ,OK
3308,40101,Muskogee ,OK
3308,40103,Noble ,OK
3308,40105,Nowata ,OK
3308,40107,Okfuskee ,OK
3308,40109,Oklahoma ,OK
3308,40111,Okmulgee ,OK
3308,40113,Osage ,OK
3308,40115,Ottawa ,OK
3308,40117,Pawnee ,OK
3308,40119,Payne ,OK
3308,40121,Pittsburg ,OK
3308,40123,Pontotoc ,OK
3308,40125,Pottawatomie ,OK
3308,40127,Pushmataha ,OK
3308,40129,Roger Mills ,OK
3308,40131,Rogers ,OK
3308,40133,Seminole ,OK
3308,40135,Sequoyah ,OK
3308,40137,Stephens ,OK
3308,40139,Texas ,OK
3308,40141,Tillman ,OK
3308,40143,Tulsa ,OK
3308,40145,Wagoner ,OK
3308,40147,Washington ,OK
3308,40149,Washita ,OK
3308,40151,Woods ,OK
3308,40153,Woodward ,OK
3316,40001,Adair ,OK
3316,40003,Alfalfa ,OK
3316,40005,Atoka ,OK
3316,40007,Beaver ,OK
3316,40009,Beckham ,OK
3316,40011,Blaine ,OK
3316,40013,Bryan ,OK
3316,40015,Caddo ,OK
3316,40017,Canadian ,OK
3316,40019,Carter ,OK
3316,40021,Cherokee ,OK
3316,40023,Choctaw ,OK
3316,40025,Cimarron ,OK
3316,40027,Cleveland ,OK
3316,40029,Coal ,OK
3316,40031,Comanche ,OK
3316,40033,Cotton ,OK
3316,40035,Craig ,OK
3316,40037,Creek ,OK
3316,40039,Custer ,OK
3316,40041,Delaware ,OK
3316,40043,Dewey ,OK
3316,40045,Ellis ,OK
3316,40047,Garfield ,OK
3316,40049,Garvin ,OK
3316,40051,Grady ,OK
3316,40053,Grant ,OK
3316,40055,Greer ,OK
3316,40057,Harmon ,OK
3316,40059,Harper ,OK
3316,40061,Haskell ,OK
3316,40063,Hughes ,OK
3316,40065,Jackson ,OK
3316,40067,Jefferson ,OK
3316,40069,Johnston ,OK
3316,40071,Kay ,OK
3316,40073,Kingfisher ,OK
3316,40075,Kiowa ,OK
3316,40077,Latimer ,OK
3316,40079,Le Flore ,OK
3316,40081,Lincoln ,OK
3316,40083,Logan ,OK
3316,40085,Love ,OK
3316,40087,McClain ,OK
3316,40089,McCurtain ,OK
3316,40091,McIntosh ,OK
3316,40093,Major ,OK
3316,40095,Marshall ,OK
3316,40097,Mayes ,OK
3316,40099,Murray ,OK
3316,40101,Muskogee ,OK
3316,40103,Noble ,OK
3316,40105,Nowata ,OK
3316,40107,Okfuskee ,OK
3316,40109,Oklahoma ,OK
3316,40111,Okmulgee ,OK
3316,40113,Osage ,OK
3316,40115,Ottawa ,OK
3316,40117,Pawnee ,OK
3316,40119,Payne ,OK
3316,40121,Pittsburg ,OK
3316,40123,Pontotoc ,OK
3316,40125,Pottawatomie ,OK
3316,40127,Pushmataha ,OK
3316,40129,Roger Mills ,OK
3316,40131,Rogers ,OK
3316,40133,Seminole ,OK
3316,40135,Sequoyah ,OK
3316,40137,Stephens ,OK
3316,40139,Texas ,OK
3316,40141,Tillman ,OK
3316,40143,Tulsa ,OK
3316,40145,Wagoner ,OK
3316,40147,Washington ,OK
3316,40149,Washita ,OK
3316,40151,Woods ,OK
3316,40153,Woodward ,OK
3411,40061,Haskell ,OK
3411,40071,Kay ,OK
3411,40079,Le Flore ,OK
3411,40101,Muskogee ,OK
3411,40103,Noble ,OK
3411,40113,Osage ,OK
3411,40117,Pawnee ,OK
3411,40135,Sequoyah ,OK
3411,40143,Tulsa ,OK
3411,40145,Wagoner ,OK
3462,40000,Absentee Shawnee-Citizens Band of Potawatomi ,OK
3462,40000,Caddo-Wichita-Delaware ,OK
3462,40000,Cherokee ,OK
3462,40000,Cheyenne-Arapaho ,OK
3462,40000,Chickasaw ,OK
3462,40000,Choctaw,OK
3462,40000,Choctaw ,OK
3462,40000,Citizen Potawatomi Nation,OK
3462,40000,Creek ,OK
3462,40000,Creek-Seminole Joint Area ,OK
3462,40000,Eastern Shawnee ,OK
3462,40000,Eastern Shawnee-Wyandotte ,OK
3462,40000,Iowa ,OK
3462,40000,Iowa-Sac and Fox Joint Area ,OK
3462,40000,Kaw ,OK
3462,40000,Kaw-Ponca ,OK
3462,40000,Kickapoo ,OK
3462,40000,Kiowa-Comanche-Apache-Fort Sill Apache ,OK
3462,40000,Kiowa-Comanche-Apache-Fort Sill Apache-Caddo-Wichita,OK
3462,40000,Miami ,OK
3462,40000,Miami-Peoria ,OK
3462,40000,Modoc ,OK
3462,40000,Osage Indian Reservation,OK
3462,40000,Otoe-Missouria ,OK
3462,40000,Ottowa ,OK
3462,40000,Pawnee ,OK
3462,40000,Peoria ,OK
3462,40000,Ponca ,OK
3462,40000,Quapaw ,OK
3462,40000,Sac and Fox ,OK
3462,40000,Seminole ,OK
3462,40000,Seneca-Cayuga ,OK
3462,40000,Tonkawa ,OK
3462,40000,Wyandotte ,OK
3462,40001,Adair ,OK
3462,40003,Alfalfa ,OK
3462,40005,Atoka ,OK
3462,40007,Beaver ,OK
3462,40009,Beckham ,OK
3462,40011,Blaine ,OK
3462,40013,Bryan ,OK
3462,40015,Caddo ,OK
3462,40017,Canadian ,OK
3462,40019,Carter ,OK
3462,40021,Cherokee ,OK
3462,40023,Choctaw ,OK
3462,40025,Cimarron ,OK
3462,40027,Cleveland ,OK
3462,40029,Coal ,OK
3462,40031,Comanche ,OK
3462,40033,Cotton ,OK
3462,40035,Craig ,OK
3462,40037,Creek ,OK
3462,40039,Custer ,OK
3462,40041,Delaware ,OK
3462,40043,Dewey ,OK
3462,40045,Ellis ,OK
3462,40047,Garfield ,OK
3462,40049,Garvin ,OK
3462,40051,Grady ,OK
3462,40053,Grant ,OK
3462,40055,Greer ,OK
3462,40057,Harmon ,OK
3462,40059,Harper ,OK
3462,40061,Haskell ,OK
3462,40063,Hughes ,OK
3462,40065,Jackson ,OK
3462,40067,Jefferson ,OK
3462,40069,Johnston ,OK
3462,40071,Kay ,OK
3462,40073,Kingfisher ,OK
3462,40075,Kiowa ,OK
3462,40077,Latimer ,OK
3462,40079,Le Flore ,OK
3462,40081,Lincoln ,OK
3462,40083,Logan ,OK
3462,40085,Love ,OK
3462,40087,McClain ,OK
3462,40089,McCurtain ,OK
3462,40091,McIntosh ,OK
3462,40093,Major ,OK
3462,40095,Marshall ,OK
3462,40097,Mayes ,OK
3462,40099,Murray ,OK
3462,40101,Muskogee ,OK
3462,40103,Noble ,OK
3462,40105,Nowata ,OK
3462,40107,Okfuskee ,OK
3462,40109,Oklahoma ,OK
3462,40111,Okmulgee ,OK
3462,40113,Osage ,OK
3462,40115,Ottawa ,OK
3462,40117,Pawnee ,OK
3462,40119,Payne ,OK
3462,40121,Pittsburg ,OK
3462,40123,Pontotoc ,OK
3462,40125,Pottawatomie ,OK
3462,40127,Pushmataha ,OK
3462,40129,Roger Mills ,OK
3462,40131,Rogers ,OK
3462,40133,Seminole ,OK
3462,40135,Sequoyah ,OK
3462,40137,Stephens ,OK
3462,40139,Texas ,OK
3462,40141,Tillman ,OK
3462,40143,Tulsa ,OK
3462,40145,Wagoner ,OK
3462,40147,Washington ,OK
3462,40149,Washita ,OK
3462,40151,Woods ,OK
3462,40153,Woodward ,OK
3486,40000,Choctaw,OK
3487,40000,Quapaw ,OK
3494,40000,Citizen Potawatomi Nation,OK
3495,40000,Ponca ,OK
3499,40000,Cherokee ,OK
35,40000,Statewide,OK
3502,40000,Creek ,OK
3505,40000,Absentee Shawnee-Citizens Band of Potawatomi ,OK
3509,40000,Peoria ,OK
3511,40000,Caddo-Wichita-Delaware ,OK
3514,40000,Osage Indian Reservation,OK
3517,40000,Kaw ,OK
3518,40000,Chickasaw ,OK
3555,40001,Adair ,OK
3555,40003,Alfalfa ,OK
3555,40005,Atoka ,OK
3555,40007,Beaver ,OK
3555,40009,Beckham ,OK
3555,40011,Blaine ,OK
3555,40013,Bryan ,OK
3555,40015,Caddo ,OK
3555,40017,Canadian ,OK
3555,40019,Carter ,OK
3555,40021,Cherokee ,OK
3555,40023,Choctaw ,OK
3555,40025,Cimarron ,OK
3555,40027,Cleveland ,OK
3555,40029,Coal ,OK
3555,40031,Comanche ,OK
3555,40033,Cotton ,OK
3555,40035,Craig ,OK
3555,40037,Creek ,OK
3555,40039,Custer ,OK
3555,40041,Delaware ,OK
3555,40043,Dewey ,OK
3555,40045,Ellis ,OK
3555,40047,Garfield ,OK
3555,40049,Garvin ,OK
3555,40051,Grady ,OK
3555,40053,Grant ,OK
3555,40055,Greer ,OK
3555,40057,Harmon ,OK
3555,40059,Harper ,OK
3555,40061,Haskell ,OK
3555,40063,Hughes ,OK
3555,40065,Jackson ,OK
3555,40067,Jefferson ,OK
3555,40069,Johnston ,OK
3555,40071,Kay ,OK
3555,40073,Kingfisher ,OK
3555,40075,Kiowa ,OK
3555,40077,Latimer ,OK
3555,40079,Le Flore ,OK
3555,40081,Lincoln ,OK
3555,40083,Logan ,OK
3555,40085,Love ,OK
3555,40087,McClain ,OK
3555,40089,McCurtain ,OK
3555,40091,McIntosh ,OK
3555,40093,Major ,OK
3555,40095,Marshall ,OK
3555,40097,Mayes ,OK
3555,40099,Murray ,OK
3555,40101,Muskogee ,OK
3555,40103,Noble ,OK
3555,40105,Nowata ,OK
3555,40107,Okfuskee ,OK
3555,40109,Oklahoma ,OK
3555,40111,Okmulgee ,OK
3555,40113,Osage ,OK
3555,40115,Ottawa ,OK
3555,40117,Pawnee ,OK
3555,40119,Payne ,OK
3555,40121,Pittsburg ,OK
3555,40123,Pontotoc ,OK
3555,40125,Pottawatomie ,OK
3555,40127,Pushmataha ,OK
3555,40129,Roger Mills ,OK
3555,40131,Rogers ,OK
3555,40133,Seminole ,OK
3555,40135,Sequoyah ,OK
3555,40137,Stephens ,OK
3555,40139,Texas ,OK
3555,40141,Tillman ,OK
3555,40143,Tulsa ,OK
3555,40145,Wagoner ,OK
3555,40147,Washington ,OK
3555,40149,Washita ,OK
3555,40151,Woods ,OK
3555,40153,Woodward ,OK
3570,40000,Otoe-Missouria ,OK
3578,40000,Eastern Shawnee ,OK
3579,40000,Kickapoo ,OK
392,40005,Atoka ,OK
392,40017,Canadian ,OK
392,40019,Carter ,OK
392,40023,Choctaw ,OK
392,40027,Cleveland ,OK
392,40029,Coal ,OK
392,40031,Comanche ,OK
392,40041,Delaware ,OK
392,40043,Dewey ,OK
392,40047,Garfield ,OK
392,40049,Garvin ,OK
392,40053,Grant ,OK
392,40061,Haskell ,OK
392,40065,Jackson ,OK
392,40067,Jefferson ,OK
392,40077,Latimer ,OK
392,40079,Le Flore ,OK
392,40081,Lincoln ,OK
392,40087,McClain ,OK
392,40091,McIntosh ,OK
392,40097,Mayes ,OK
392,40101,Muskogee ,OK
392,40113,Osage ,OK
392,40121,Pittsburg ,OK
392,40123,Pontotoc ,OK
392,40135,Sequoyah ,OK
392,40137,Stephens ,OK
392,40141,Tillman ,OK
392,40143,Tulsa ,OK
392,40147,Washington ,OK
392,40149,Washita ,OK
404,40047,Garfield ,OK
404,40053,Grant ,OK
404,40071,Kay ,OK
404,40073,Kingfisher ,OK
404,40103,Noble ,OK
4064,40003,Alfalfa ,OK
4064,40035,Craig ,OK
4064,40053,Grant ,OK
4064,40071,Kay ,OK
4064,40105,Nowata ,OK
4078,40027,Cleveland ,OK
4078,40037,Creek ,OK
409,40001,Adair ,OK
409,40021,Cherokee ,OK
409,40027,Cleveland ,OK
409,40049,Garvin ,OK
409,40061,Haskell ,OK
409,40063,Hughes ,OK
409,40071,Kay ,OK
409,40077,Latimer ,OK
409,40079,Le Flore ,OK
409,40085,Love ,OK
409,40087,McClain ,OK
409,40099,Murray ,OK
409,40121,Pittsburg ,OK
409,40133,Seminole ,OK
409,40135,Sequoyah ,OK
4109,40003,Alfalfa ,OK
4109,40007,Beaver ,OK
4109,40009,Beckham ,OK
4109,40011,Blaine ,OK
4109,40039,Custer ,OK
4109,40043,Dewey ,OK
4109,40045,Ellis ,OK
4109,40047,Garfield ,OK
4109,40053,Grant ,OK
4109,40071,Kay ,OK
4109,40073,Kingfisher ,OK
4109,40093,Major ,OK
4109,40103,Noble ,OK
4109,40129,Roger Mills ,OK
4109,40149,Washita ,OK
4109,40151,Woods ,OK
4109,40153,Woodward ,OK
4117,40005,Atoka ,OK
4117,40017,Canadian ,OK
4117,40027,Cleveland ,OK
4117,40029,Coal ,OK
4117,40035,Craig ,OK
4117,40061,Haskell ,OK
4117,40063,Hughes ,OK
4117,40077,Latimer ,OK
4117,40079,Le Flore ,OK
4117,40081,Lincoln ,OK
4117,40087,McClain ,OK
4117,40091,McIntosh ,OK
4117,40105,Nowata ,OK
4117,40107,Okfuskee ,OK
4117,40109,Oklahoma ,OK
4117,40111,Okmulgee ,OK
4117,40115,Ottawa ,OK
4117,40121,Pittsburg ,OK
4117,40125,Pottawatomie ,OK
4117,40127,Pushmataha ,OK
4117,40133,Seminole ,OK
4164,40023,Choctaw ,OK
4164,40079,Le Flore ,OK
4164,40089,McCurtain ,OK
4164,40127,Pushmataha ,OK
419,40071,Kay ,OK
419,40113,Osage ,OK
419,40115,Ottawa ,OK
419,40131,Rogers ,OK
419,40143,Tulsa ,OK
419,40147,Washington ,OK
4222,40001,Adair ,OK
4222,40005,Atoka ,OK
4222,40009,Beckham ,OK
4222,40013,Bryan ,OK
4222,40015,Caddo ,OK
4222,40017,Canadian ,OK
4222,40019,Carter ,OK
4222,40021,Cherokee ,OK
4222,40023,Choctaw ,OK
4222,40027,Cleveland ,OK
4222,40029,Coal ,OK
4222,40031,Comanche ,OK
4222,40033,Cotton ,OK
4222,40035,Craig ,OK
4222,40037,Creek ,OK
4222,40039,Custer ,OK
4222,40041,Delaware ,OK
4222,40043,Dewey ,OK
4222,40049,Garvin ,OK
4222,40051,Grady ,OK
4222,40053,Grant ,OK
4222,40055,Greer ,OK
4222,40057,Harmon ,OK
4222,40061,Haskell ,OK
4222,40063,Hughes ,OK
4222,40065,Jackson ,OK
4222,40067,Jefferson ,OK
4222,40069,Johnston ,OK
4222,40071,Kay ,OK
4222,40073,Kingfisher ,OK
4222,40075,Kiowa ,OK
4222,40077,Latimer ,OK
4222,40079,Le Flore ,OK
4222,40081,Lincoln ,OK
4222,40083,Logan ,OK
4222,40085,Love ,OK
4222,40087,McClain ,OK
4222,40089,McCurtain ,OK
4222,40091,McIntosh ,OK
4222,40093,Major ,OK
4222,40095,Marshall ,OK
4222,40097,Mayes ,OK
4222,40099,Murray ,OK
4222,40101,Muskogee ,OK
4222,40103,Noble ,OK
4222,40105,Nowata ,OK
4222,40107,Okfuskee ,OK
4222,40109,Oklahoma ,OK
4222,40111,Okmulgee ,OK
4222,40115,Ottawa ,OK
4222,40121,Pittsburg ,OK
4222,40123,Pontotoc ,OK
4222,40125,Pottawatomie ,OK
4222,40127,Pushmataha ,OK
4222,40129,Roger Mills ,OK
4222,40131,Rogers ,OK
4222,40133,Seminole ,OK
4222,40135,Sequoyah ,OK
4222,40137,Stephens ,OK
4222,40141,Tillman ,OK
4222,40143,Tulsa ,OK
4222,40145,Wagoner ,OK
4222,40149,Washita ,OK
4247,40003,Alfalfa ,OK
4247,40009,Beckham ,OK
4247,40011,Blaine ,OK
4247,40013,Bryan ,OK
4247,40015,Caddo ,OK
4247,40017,Canadian ,OK
4247,40039,Custer ,OK
4247,40043,Dewey ,OK
4247,40045,Ellis ,OK
4247,40047,Garfield ,OK
4247,40051,Grady ,OK
4247,40053,Grant ,OK
4247,40055,Greer ,OK
4247,40073,Kingfisher ,OK
4247,40075,Kiowa ,OK
4247,40083,Logan ,OK
4247,40093,Major ,OK
4247,40109,Oklahoma ,OK
4247,40129,Roger Mills ,OK
4247,40149,Washita ,OK
4247,40151,Woods ,OK
4256,40001,Adair ,OK
4256,40003,Alfalfa ,OK
4256,40009,Beckham ,OK
4256,40011,Blaine ,OK
4256,40015,Caddo ,OK
4256,40017,Canadian ,OK
4256,40021,Cherokee ,OK
4256,40029,Coal ,OK
4256,40031,Comanche ,OK
4256,40033,Cotton ,OK
4256,40035,Craig ,OK
4256,40039,Custer ,OK
4256,40041,Delaware ,OK
4256,40043,Dewey ,OK
4256,40051,Grady ,OK
4256,40053,Grant ,OK
4256,40055,Greer ,OK
4256,40057,Harmon ,OK
4256,40061,Haskell ,OK
4256,40063,Hughes ,OK
4256,40065,Jackson ,OK
4256,40071,Kay ,OK
4256,40073,Kingfisher ,OK
4256,40075,Kiowa ,OK
4256,40077,Latimer ,OK
4256,40089,McCurtain ,OK
4256,40091,McIntosh ,OK
4256,40093,Major ,OK
4256,40097,Mayes ,OK
4256,40101,Muskogee ,OK
4256,40103,Noble ,OK
4256,40107,Okfuskee ,OK
4256,40111,Okmulgee ,OK
4256,40113,Osage ,OK
4256,40115,Ottawa ,OK
4256,40121,Pittsburg ,OK
4256,40127,Pushmataha ,OK
4256,40129,Roger Mills ,OK
4256,40135,Sequoyah ,OK
4256,40141,Tillman ,OK
4256,40149,Washita ,OK
4256,40151,Woods ,OK
4274,40015,Caddo ,OK
4274,40031,Comanche ,OK
4274,40033,Cotton ,OK
4274,40049,Garvin ,OK
4274,40051,Grady ,OK
4274,40065,Jackson ,OK
4274,40137,Stephens ,OK
4274,40141,Tillman ,OK
4299,40007,Beaver ,OK
4299,40009,Beckham ,OK
4299,40011,Blaine ,OK
4299,40043,Dewey ,OK
4299,40045,Ellis ,OK
4299,40059,Harper ,OK
4299,40093,Major ,OK
4299,40129,Roger Mills ,OK
4299,40139,Texas ,OK
4299,40151,Woods ,OK
4299,40153,Woodward ,OK
4315,40000,Pawnee ,OK
4315,40001,Adair ,OK
4315,40007,Beaver ,OK
4315,40015,Caddo ,OK
4315,40021,Cherokee ,OK
4315,40025,Cimarron ,OK
4315,40035,Craig ,OK
4315,40041,Delaware ,OK
4315,40043,Dewey ,OK
4315,40061,Haskell ,OK
4315,40075,Kiowa ,OK
4315,40081,Lincoln ,OK
4315,40083,Logan ,OK
4315,40097,Mayes ,OK
4315,40101,Muskogee ,OK
4315,40115,Ottawa ,OK
4315,40121,Pittsburg ,OK
4315,40131,Rogers ,OK
4315,40135,Sequoyah ,OK
4315,40139,Texas ,OK
4315,40149,Washita ,OK
4324,40003,Alfalfa ,OK
4324,40009,Beckham ,OK
4324,40021,Cherokee ,OK
4324,40029,Coal ,OK
4324,40033,Cotton ,OK
4324,40041,Delaware ,OK
4324,40069,Johnston ,OK
4324,40079,Le Flore ,OK
4324,40099,Murray ,OK
4324,40101,Muskogee ,OK
4324,40107,Okfuskee ,OK
4324,40111,Okmulgee ,OK
4324,40121,Pittsburg ,OK
4324,40123,Pontotoc ,OK
4324,40129,Roger Mills ,OK
4324,40149,Washita ,OK
4373,40039,Custer ,OK
4373,40043,Dewey ,OK
4373,40057,Harmon ,OK
4373,40129,Roger Mills ,OK
4373,40153,Woodward ,OK
441,40001,Adair ,OK
441,40021,Cherokee ,OK
441,40035,Craig ,OK
441,40037,Creek ,OK
441,40041,Delaware ,OK
441,40081,Lincoln ,OK
441,40083,Logan ,OK
441,40097,Mayes ,OK
441,40107,Okfuskee ,OK
441,40109,Oklahoma ,OK
441,40111,Okmulgee ,OK
441,40113,Osage ,OK
441,40115,Ottawa ,OK
441,40119,Payne ,OK
441,40121,Pittsburg ,OK
441,40125,Pottawatomie ,OK
441,40131,Rogers ,OK
441,40133,Seminole ,OK
441,40143,Tulsa ,OK
441,40145,Wagoner ,OK
4438,40000,Pawnee ,OK
4438,40001,Adair ,OK
4438,40003,Alfalfa ,OK
4438,40007,Beaver ,OK
4438,40009,Beckham ,OK
4438,40011,Blaine ,OK
4438,40015,Caddo ,OK
4438,40017,Canadian ,OK
4438,40021,Cherokee ,OK
4438,40035,Craig ,OK
4438,40037,Creek ,OK
4438,40039,Custer ,OK
4438,40041,Delaware ,OK
4438,40043,Dewey ,OK
4438,40045,Ellis ,OK
4438,40047,Garfield ,OK
4438,40051,Grady ,OK
4438,40053,Grant ,OK
4438,40055,Greer ,OK
4438,40059,Harper ,OK
4438,40061,Haskell ,OK
4438,40065,Jackson ,OK
4438,40071,Kay ,OK
4438,40073,Kingfisher ,OK
4438,40075,Kiowa ,OK
4438,40079,Le Flore ,OK
4438,40081,Lincoln ,OK
4438,40083,Logan ,OK
4438,40097,Mayes ,OK
4438,40101,Muskogee ,OK
4438,40103,Noble ,OK
4438,40105,Nowata ,OK
4438,40107,Okfuskee ,OK
4438,40111,Okmulgee ,OK
4438,40113,Osage ,OK
4438,40115,Ottawa ,OK
4438,40117,Pawnee ,OK
4438,40119,Payne ,OK
4438,40121,Pittsburg ,OK
4438,40125,Pottawatomie ,OK
4438,40127,Pushmataha ,OK
4438,40129,Roger Mills ,OK
4438,40131,Rogers ,OK
4438,40135,Sequoyah ,OK
4438,40141,Tillman ,OK
4438,40143,Tulsa ,OK
4438,40145,Wagoner ,OK
4438,40147,Washington ,OK
4438,40149,Washita ,OK
4438,40151,Woods ,OK
4438,40153,Woodward ,OK
4453,40003,Alfalfa ,OK
4453,40005,Atoka ,OK
4453,40013,Bryan ,OK
4453,40029,Coal ,OK
4453,40035,Craig ,OK
4453,40071,Kay ,OK
4453,40081,Lincoln ,OK
4453,40085,Love ,OK
4453,40093,Major ,OK
4453,40103,Noble ,OK
4453,40105,Nowata ,OK
4453,40107,Okfuskee ,OK
4453,40111,Okmulgee ,OK
4453,40113,Osage ,OK
4453,40115,Ottawa ,OK
4453,40121,Pittsburg ,OK
4453,40127,Pushmataha ,OK
4453,40137,Stephens ,OK
4453,40141,Tillman ,OK
4456,40000,Creek ,OK
453,40017,Canadian ,OK
453,40037,Creek ,OK
453,40043,Dewey ,OK
453,40053,Grant ,OK
453,40081,Lincoln ,OK
453,40083,Logan ,OK
453,40093,Major ,OK
453,40109,Oklahoma ,OK
453,40113,Osage ,OK
453,40117,Pawnee ,OK
453,40119,Payne ,OK
453,40143,Tulsa ,OK
453,40147,Washington ,OK
4530,40000,Absentee Shawnee-Citizens Band of Potawatomi ,OK
4530,40000,Caddo-Wichita-Delaware ,OK
4530,40000,Cherokee ,OK
4530,40000,Cheyenne-Arapaho ,OK
4530,40000,Chickasaw ,OK
4530,40000,Choctaw,OK
4530,40000,Choctaw ,OK
4530,40000,Citizen Potawatomi Nation,OK
4530,40000,Creek ,OK
4530,40000,Creek-Seminole Joint Area ,OK
4530,40000,Eastern Shawnee ,OK
4530,40000,Eastern Shawnee-Wyandotte ,OK
4530,40000,Iowa ,OK
4530,40000,Iowa-Sac and Fox Joint Area ,OK
4530,40000,Kaw ,OK
4530,40000,Kaw-Ponca ,OK
4530,40000,Kickapoo ,OK
4530,40000,Kiowa-Comanche-Apache-Fort Sill Apache ,OK
4530,40000,Kiowa-Comanche-Apache-Fort Sill Apache-Caddo-Wichita,OK
4530,40000,Miami ,OK
4530,40000,Miami-Peoria ,OK
4530,40000,Modoc ,OK
4530,40000,Osage Indian Reservation,OK
4530,40000,Otoe-Missouria ,OK
4530,40000,Ottowa ,OK
4530,40000,Pawnee ,OK
4530,40000,Peoria ,OK
4530,40000,Ponca ,OK
4530,40000,Quapaw ,OK
4530,40000,Sac and Fox ,OK
4530,40000,Seminole ,OK
4530,40000,Seneca-Cayuga ,OK
4530,40000,Tonkawa ,OK
4530,40000,Wyandotte ,OK
4530,40001,Adair ,OK
4530,40003,Alfalfa ,OK
4530,40005,Atoka ,OK
4530,40007,Beaver ,OK
4530,40009,Beckham ,OK
4530,40011,Blaine ,OK
4530,40013,Bryan ,OK
4530,40015,Caddo ,OK
4530,40017,Canadian ,OK
4530,40019,Carter ,OK
4530,40021,Cherokee ,OK
4530,40023,Choctaw ,OK
4530,40025,Cimarron ,OK
4530,40027,Cleveland ,OK
4530,40029,Coal ,OK
4530,40031,Comanche ,OK
4530,40033,Cotton ,OK
4530,40035,Craig ,OK
4530,40037,Creek ,OK
4530,40039,Custer ,OK
4530,40041,Delaware ,OK
4530,40043,Dewey ,OK
4530,40045,Ellis ,OK
4530,40047,Garfield ,OK
4530,40049,Garvin ,OK
4530,40051,Grady ,OK
4530,40053,Grant ,OK
4530,40055,Greer ,OK
4530,40057,Harmon ,OK
4530,40059,Harper ,OK
4530,40061,Haskell ,OK
4530,40063,Hughes ,OK
4530,40065,Jackson ,OK
4530,40067,Jefferson ,OK
4530,40069,Johnston ,OK
4530,40071,Kay ,OK
4530,40073,Kingfisher ,OK
4530,40075,Kiowa ,OK
4530,40077,Latimer ,OK
4530,40079,Le Flore ,OK
4530,40081,Lincoln ,OK
4530,40083,Logan ,OK
4530,40085,Love ,OK
4530,40087,McClain ,OK
4530,40089,McCurtain ,OK
4530,40091,McIntosh ,OK
4530,40093,Major ,OK
4530,40095,Marshall ,OK
4530,40097,Mayes ,OK
4530,40099,Murray ,OK
4530,40101,Muskogee ,OK
4530,40103,Noble ,OK
4530,40105,Nowata ,OK
4530,40107,Okfuskee ,OK
4530,40109,Oklahoma ,OK
4530,40111,Okmulgee ,OK
4530,40113,Osage ,OK
4530,40115,Ottawa ,OK
4530,40117,Pawnee ,OK
4530,40119,Payne ,OK
4530,40121,Pittsburg ,OK
4530,40123,Pontotoc ,OK
4530,40125,Pottawatomie ,OK
4530,40127,Pushmataha ,OK
4530,40129,Roger Mills ,OK
4530,40131,Rogers ,OK
4530,40133,Seminole ,OK
4530,40135,Sequoyah ,OK
4530,40137,Stephens ,OK
4530,40139,Texas ,OK
4530,40141,Tillman ,OK
4530,40143,Tulsa ,OK
4530,40145,Wagoner ,OK
4530,40147,Washington ,OK
4530,40149,Washita ,OK
4530,40151,Woods ,OK
4530,40153,Woodward ,OK
4575,40003,Alfalfa ,OK
4575,40011,Blaine ,OK
4575,40015,Caddo ,OK
4575,40017,Canadian ,OK
4575,40027,Cleveland ,OK
4575,40031,Comanche ,OK
4575,40039,Custer ,OK
4575,40043,Dewey ,OK
4575,40045,Ellis ,OK
4575,40047,Garfield ,OK
4575,40051,Grady ,OK
4575,40053,Grant ,OK
4575,40065,Jackson ,OK
4575,40071,Kay ,OK
4575,40073,Kingfisher ,OK
4575,40075,Kiowa ,OK
4575,40081,Lincoln ,OK
4575,40083,Logan ,OK
4575,40087,McClain ,OK
4575,40093,Major ,OK
4575,40103,Noble ,OK
4575,40109,Oklahoma ,OK
4575,40117,Pawnee ,OK
4575,40119,Payne ,OK
4575,40125,Pottawatomie ,OK
4575,40129,Roger Mills ,OK
4575,40137,Stephens ,OK
4575,40141,Tillman ,OK
4575,40149,Washita ,OK
4587,40001,Adair ,OK
4587,40003,Alfalfa ,OK
4587,40005,Atoka ,OK
4587,40007,Beaver ,OK
4587,40009,Beckham ,OK
4587,40011,Blaine ,OK
4587,40013,Bryan ,OK
4587,40015,Caddo ,OK
4587,40017,Canadian ,OK
4587,40019,Carter ,OK
4587,40021,Cherokee ,OK
4587,40023,Choctaw ,OK
4587,40025,Cimarron ,OK
4587,40027,Cleveland ,OK
4587,40029,Coal ,OK
4587,40031,Comanche ,OK
4587,40033,Cotton ,OK
4587,40035,Craig ,OK
4587,40037,Creek ,OK
4587,40039,Custer ,OK
4587,40041,Delaware ,OK
4587,40043,Dewey ,OK
4587,40045,Ellis ,OK
4587,40047,Garfield ,OK
4587,40049,Garvin ,OK
4587,40051,Grady ,OK
4587,40053,Grant ,OK
4587,40055,Greer ,OK
4587,40057,Harmon ,OK
4587,40059,Harper ,OK
4587,40061,Haskell ,OK
4587,40063,Hughes ,OK
4587,40065,Jackson ,OK
4587,40067,Jefferson ,OK
4587,40069,Johnston ,OK
4587,40071,Kay ,OK
4587,40073,Kingfisher ,OK
4587,40075,Kiowa ,OK
4587,40077,Latimer ,OK
4587,40079,Le Flore ,OK
4587,40081,Lincoln ,OK
4587,40083,Logan ,OK
4587,40085,Love ,OK
4587,40087,McClain ,OK
4587,40089,McCurtain ,OK
4587,40091,McIntosh ,OK
4587,40093,Major ,OK
4587,40095,Marshall ,OK
4587,40097,Mayes ,OK
4587,40099,Murray ,OK
4587,40101,Muskogee ,OK
4587,40103,Noble ,OK
4587,40105,Nowata ,OK
4587,40107,Okfuskee ,OK
4587,40109,Oklahoma ,OK
4587,40111,Okmulgee ,OK
4587,40113,Osage ,OK
4587,40115,Ottawa ,OK
4587,40117,Pawnee ,OK
4587,40119,Payne ,OK
4587,40121,Pittsburg ,OK
4587,40123,Pontotoc ,OK
4587,40125,Pottawatomie ,OK
4587,40127,Pushmataha ,OK
4587,40129,Roger Mills ,OK
4587,40131,Rogers ,OK
4587,40133,Seminole ,OK
4587,40135,Sequoyah ,OK
4587,40137,Stephens ,OK
4587,40139,Texas ,OK
4587,40141,Tillman ,OK
4587,40143,Tulsa ,OK
4587,40145,Wagoner ,OK
4587,40147,Washington ,OK
4587,40149,Washita ,OK
4587,40151,Woods ,OK
4587,40153,Woodward ,OK
474,40011,Blaine ,OK
474,40027,Cleveland ,OK
474,40033,Cotton ,OK
474,40067,Jefferson ,OK
474,40073,Kingfisher ,OK
474,40081,Lincoln ,OK
474,40087,McClain ,OK
474,40093,Major ,OK
474,40097,Mayes ,OK
474,40119,Payne ,OK
491,40077,Latimer ,OK
491,40143,Tulsa ,OK
497,40077,Latimer ,OK
497,40079,Le Flore ,OK
5000,40037,Creek ,OK
5001,40109,Oklahoma ,OK
5002,40119,Payne ,OK
5003,40037,Creek ,OK
5003,40119,Payne ,OK
504,40143,Tulsa ,OK
504,40145,Wagoner ,OK
5052,40083,Logan ,OK
5117,40105,Nowata ,OK
5117,40147,Washington ,OK
5118,40037,Creek ,OK
5119,40117,Pawnee ,OK
5122,40153,Woodward ,OK
5168,40027,Cleveland ,OK
5169,40145,Wagoner ,OK
5177,40007,Beaver ,OK
5177,40045,Ellis ,OK
5177,40059,Harper ,OK
5177,40151,Woods ,OK
5177,40153,Woodward ,OK
5230,40125,Pottawatomie ,OK
5231,40153,Woodward ,OK
5232,40043,Dewey ,OK
5304,40153,Woodward ,OK
5305,40045,Ellis ,OK
5306,40007,Beaver ,OK
54,40000,Statewide,OK
5421,40139,Texas ,OK
576,40019,Carter ,OK
576,40031,Comanche ,OK
576,40033,Cotton ,OK
576,40067,Jefferson ,OK
576,40137,Stephens ,OK
576,40141,Tillman ,OK
649,40005,Atoka ,OK
649,40013,Bryan ,OK
649,40029,Coal ,OK
649,40069,Johnston ,OK
649,40085,Love ,OK
649,40095,Marshall ,OK
662,40011,Blaine ,OK
662,40015,Caddo ,OK
662,40039,Custer ,OK
662,40073,Kingfisher ,OK
662,40081,Lincoln ,OK
662,40083,Logan ,OK
662,40107,Okfuskee ,OK
662,40119,Payne ,OK
662,40149,Washita ,OK
685,40063,Hughes ,OK
693,40015,Caddo ,OK
693,40017,Canadian ,OK
693,40027,Cleveland ,OK
693,40031,Comanche ,OK
693,40033,Cotton ,OK
693,40049,Garvin ,OK
693,40051,Grady ,OK
693,40065,Jackson ,OK
693,40067,Jefferson ,OK
693,40075,Kiowa ,OK
693,40081,Lincoln ,OK
693,40083,Logan ,OK
693,40087,McClain ,OK
693,40107,Okfuskee ,OK
693,40109,Oklahoma ,OK
693,40125,Pottawatomie ,OK
693,40137,Stephens ,OK
693,40141,Tillman ,OK
704,40037,Creek ,OK
704,40111,Okmulgee ,OK
704,40113,Osage ,OK
704,40117,Pawnee ,OK
704,40119,Payne ,OK
704,40143,Tulsa ,OK
704,40145,Wagoner ,OK
704,40147,Washington ,OK
709,40113,Osage ,OK
709,40131,Rogers ,OK
709,40143,Tulsa ,OK
709,40145,Wagoner ,OK
74,40000,Statewide,OK
778,40001,Adair ,OK
778,40009,Beckham ,OK
778,40011,Blaine ,OK
778,40015,Caddo ,OK
778,40017,Canadian ,OK
778,40021,Cherokee ,OK
778,40027,Cleveland ,OK
778,40031,Comanche ,OK
778,40037,Creek ,OK
778,40039,Custer ,OK
778,40041,Delaware ,OK
778,40047,Garfield ,OK
778,40051,Grady ,OK
778,40053,Grant ,OK
778,40055,Greer ,OK
778,40061,Haskell ,OK
778,40071,Kay ,OK
778,40073,Kingfisher ,OK
778,40075,Kiowa ,OK
778,40083,Logan ,OK
778,40087,McClain ,OK
778,40093,Major ,OK
778,40097,Mayes ,OK
778,40101,Muskogee ,OK
778,40103,Noble ,OK
778,40105,Nowata ,OK
778,40107,Okfuskee ,OK
778,40109,Oklahoma ,OK
778,40111,Okmulgee ,OK
778,40113,Osage ,OK
778,40115,Ottawa ,OK
778,40117,Pawnee ,OK
778,40119,Payne ,OK
778,40125,Pottawatomie ,OK
778,40131,Rogers ,OK
778,40135,Sequoyah ,OK
778,40141,Tillman ,OK
778,40143,Tulsa ,OK
778,40145,Wagoner ,OK
778,40147,Washington ,OK
778,40149,Washita ,OK
794,40015,Caddo ,OK
794,40017,Canadian ,OK
794,40019,Carter ,OK
794,40031,Comanche ,OK
794,40033,Cotton ,OK
794,40039,Custer ,OK
794,40049,Garvin ,OK
794,40051,Grady ,OK
794,40071,Kay ,OK
794,40073,Kingfisher ,OK
794,40075,Kiowa ,OK
794,40083,Logan ,OK
794,40087,McClain ,OK
794,40099,Murray ,OK
794,40137,Stephens ,OK
794,40141,Tillman ,OK
866,40001,Adair ,OK
866,40005,Atoka ,OK
866,40013,Bryan ,OK
866,40015,Caddo ,OK
866,40019,Carter ,OK
866,40021,Cherokee ,OK
866,40023,Choctaw ,OK
866,40027,Cleveland ,OK
866,40029,Coal ,OK
866,40033,Cotton ,OK
866,40041,Delaware ,OK
866,40045,Ellis ,OK
866,40049,Garvin ,OK
866,40061,Haskell ,OK
866,40063,Hughes ,OK
866,40067,Jefferson ,OK
866,40069,Johnston ,OK
866,40073,Kingfisher ,OK
866,40077,Latimer ,OK
866,40079,Le Flore ,OK
866,40081,Lincoln ,OK
866,40083,Logan ,OK
866,40085,Love ,OK
866,40087,McClain ,OK
866,40089,McCurtain ,OK
866,40091,McIntosh ,OK
866,40095,Marshall ,OK
866,40099,Murray ,OK
866,40109,Oklahoma ,OK
866,40111,Okmulgee ,OK
866,40119,Payne ,OK
866,40121,Pittsburg ,OK
866,40123,Pontotoc ,OK
866,40125,Pottawatomie ,OK
866,40127,Pushmataha ,OK
866,40129,Roger Mills ,OK
866,40133,Seminole ,OK
866,40135,Sequoyah ,OK
866,40137,Stephens ,OK
905,40047,Garfield ,OK
905,40103,Noble ,OK
905,40113,Osage ,OK
905,40117,Pawnee ,OK
905,40131,Rogers ,OK
905,40147,Washington ,OK
92,40000,Statewide,OK
95,40000,Statewide,OK
987,40097,Mayes ,OK
987,40131,Rogers ,OK
987,40143,Tulsa ,OK
987,40145,Wagoner ,OK
991,40001,Adair ,OK
991,40003,Alfalfa ,OK
991,40005,Atoka ,OK
991,40011,Blaine ,OK
991,40013,Bryan ,OK
991,40015,Caddo ,OK
991,40017,Canadian ,OK
991,40019,Carter ,OK
991,40027,Cleveland ,OK
991,40033,Cotton ,OK
991,40035,Craig ,OK
991,40037,Creek ,OK
991,40039,Custer ,OK
991,40043,Dewey ,OK
991,40051,Grady ,OK
991,40053,Grant ,OK
991,40061,Haskell ,OK
991,40067,Jefferson ,OK
991,40071,Kay ,OK
991,40073,Kingfisher ,OK
991,40075,Kiowa ,OK
991,40081,Lincoln ,OK
991,40083,Logan ,OK
991,40085,Love ,OK
991,40087,McClain ,OK
991,40093,Major ,OK
991,40095,Marshall ,OK
991,40103,Noble ,OK
991,40105,Nowata ,OK
991,40107,Okfuskee ,OK
991,40109,Oklahoma ,OK
991,40111,Okmulgee ,OK
991,40113,Osage ,OK
991,40117,Pawnee ,OK
991,40119,Payne ,OK
991,40125,Pottawatomie ,OK
991,40127,Pushmataha ,OK
991,40135,Sequoyah ,OK
991,40143,Tulsa ,OK
991,40145,Wagoner ,OK
991,40147,Washington ,OK
991,40149,Washita ,OK
991,40151,Woods ,OK
991,40153,Woodward ,OK
